country,country_name,archetype_label,archetype_type,is_core_archetype,is_secondary_archetype,kpi,pathway_role,interpretation,shock_metric_logic,recovery_metric_logic,shock_metric,recovery_metric,pre_avg,covid_avg,transition_avg,end_2025,shock_metric_zscore,recovery_metric_zscore
AT,Austria,Other EU country,other,False,False,gdp_growth,shock_exposure,macro recovery capacity,covid_min_minus_pre_avg,end_2025_minus_covid_trough,-8.1,6.8999999999999995,1.8,-0.6999999999999997,1.0999999999999999,0.6,-0.3331407981077903,0.2299612046580343
AT,Austria,Other EU country,other,False,False,unemployment,shock_exposure,labor market recovery,covid_max_minus_pre_avg,end_2025_minus_covid_peak,0.4500000000000002,-0.5,5.75,6.1,5.199999999999999,5.7,1.0726908298993882,0.3677233928171899
AT,Austria,Other EU country,other,False,False,inflation,shock_exposure,inflation stabilization,transition_max_minus_pre_avg,end_2025_minus_transition_peak,7.083333333333333,-5.0,1.5166666666666666,2.0999999999999996,5.7,3.6,-0.7933377304015767,0.9083199510806063
AT,Austria,Other EU country,other,False,False,debt,shock_exposure,fiscal burden persistence,period_max_minus_pre_avg,end_2025_minus_peak,5.783333333333331,-4.099999999999994,79.81666666666666,82.80000000000001,79.35,81.5,-0.8798506501547723,0.5604716039598857
AT,Austria,Other EU country,other,False,False,health_spending,public_response,health-system mobilization,covid_avg_minus_pre_avg,transition_avg_minus_covid_avg,1.3499999999999979,-0.29999999999999893,8.3,9.649999999999999,9.35,9.5,0.347586772313368,0.3689501765379273
AT,Austria,Other EU country,other,False,False,social_protection_spending,public_response,social buffering response,covid_avg_minus_pre_avg,transition_avg_minus_covid_avg,1.5166666666666693,-0.27500000000000213,20.833333333333332,22.35,22.075,22.8,0.42021466606172847,0.5343631758536148
AT,Austria,Other EU country,other,False,False,defense_spending,public_response,security reprioritization,transition_avg_minus_pre_avg,end_2025_minus_pre_avg,0.04999999999999993,0.09999999999999998,0.6,0.6,0.6499999999999999,0.7,-0.7407215893126461,-0.720545895311878
AT,Austria,Other EU country,other,False,False,fuel_energy_spending,public_response,energy-security adaptation,transition_avg_minus_pre_avg,end_2025_minus_pre_avg,0.32499999999999996,0.15000000000000002,0.25,0.15000000000000002,0.575,0.4,-0.1576930675477959,-0.009740201068767527
AT,Austria,Other EU country,other,False,False,renewables,structural_adaptation,sustainability acceleration,transition_avg_minus_pre_avg,end_2025_minus_pre_avg,6.874416666666669,9.43566666666667,33.51533333333333,35.594,40.38975,42.951,0.15512825641245154,0.6121728321924551
AT,Austria,Other EU country,other,False,False,emissions,structural_adaptation,decarbonization pathway,transition_min_minus_pre_avg,end_2025_minus_transition_trough,-1.8500000000000005,0.0,9.15,8.55,7.55,7.3,0.06556549762596549,-0.44610890810959686
AT,Austria,Other EU country,other,False,False,rnd,structural_adaptation,innovation persistence,transition_avg_minus_pre_avg,end_2025_minus_pre_avg,0.12250000000000005,0.1549999999999998,3.105,3.235,3.2275,3.26,-0.24364633249260456,-0.1042984052014008
AT,Austria,Other EU country,other,False,False,ict_specialists,structural_adaptation,digital transition,transition_avg_minus_pre_avg,end_2025_minus_pre_avg,1.083333333333333,1.2333333333333334,4.166666666666667,4.5,5.25,5.4,-0.4433343172330972,-0.39490402247661655
BE,Belgium,Other EU country,other,False,False,gdp_growth,shock_exposure,macro recovery capacity,covid_min_minus_pre_avg,end_2025_minus_covid_trough,-6.516666666666667,5.8,1.7166666666666668,0.75,1.9249999999999998,1.0,0.2619191929412923,-0.14325452093451338
BE,Belgium,Other EU country,other,False,False,unemployment,shock_exposure,labor market recovery,covid_max_minus_pre_avg,end_2025_minus_covid_peak,-1.0333333333333332,-0.09999999999999964,7.333333333333333,6.05,5.75,6.2,0.1899250544719123,0.5624004831321731
BE,Belgium,Other EU country,other,False,False,inflation,shock_exposure,inflation stabilization,transition_max_minus_pre_avg,end_2025_minus_transition_peak,8.850000000000001,-7.300000000000001,1.4500000000000002,1.8,4.9750000000000005,3.0,-0.2876511859897027,0.174813202548673
BE,Belgium,Other EU country,other,False,False,debt,shock_exposure,fiscal burden persistence,period_max_minus_pre_avg,end_2025_minus_peak,8.299999999999983,-3.5,103.10000000000002,110.05000000000001,104.4,107.9,-0.5126156889875955,0.5901533299623377
BE,Belgium,Other EU country,other,False,False,health_spending,public_response,health-system mobilization,covid_avg_minus_pre_avg,transition_avg_minus_covid_avg,0.8166666666666664,-0.5999999999999996,7.683333333333334,8.5,7.9,8.0,-0.5080114364580037,-0.3644231805067841
BE,Belgium,Other EU country,other,False,False,social_protection_spending,public_response,social buffering response,covid_avg_minus_pre_avg,transition_avg_minus_covid_avg,2.166666666666668,-1.3500000000000014,19.433333333333334,21.6,20.25,20.4,0.946357404900013,-0.4727726150003605
BE,Belgium,Other EU country,other,False,False,defense_spending,public_response,security reprioritization,transition_avg_minus_pre_avg,end_2025_minus_pre_avg,0.30833333333333346,0.4833333333333335,0.8166666666666665,0.9,1.125,1.3,-0.0313577789525945,0.07848803502504416
BE,Belgium,Other EU country,other,False,False,fuel_energy_spending,public_response,energy-security adaptation,transition_avg_minus_pre_avg,end_2025_minus_pre_avg,1.3877787807814457e-17,1.3877787807814457e-17,0.09999999999999999,0.1,0.1,0.1,-0.7244193478475537,-0.3478643238845613
BE,Belgium,Other EU country,other,False,False,renewables,structural_adaptation,sustainability acceleration,transition_avg_minus_pre_avg,end_2025_minus_pre_avg,5.397499999999999,5.439500000000001,8.8965,13.0085,14.293999999999999,14.336,-0.27986045393393955,-0.44170843747114785
BE,Belgium,Other EU country,other,False,False,emissions,structural_adaptation,decarbonization pathway,transition_min_minus_pre_avg,end_2025_minus_transition_trough,-1.9666666666666668,0.0,10.266666666666667,9.4,8.425,8.3,-0.005245239810077546,-0.44610890810959686
BE,Belgium,Other EU country,other,False,False,rnd,structural_adaptation,innovation persistence,transition_avg_minus_pre_avg,end_2025_minus_pre_avg,0.624166666666667,0.6916666666666669,2.668333333333333,3.39,3.2925,3.36,2.2771859325199957,2.346432229449871
BE,Belgium,Other EU country,other,False,False,ict_specialists,structural_adaptation,digital transition,transition_avg_minus_pre_avg,end_2025_minus_pre_avg,1.033333333333334,1.283333333333334,4.616666666666666,5.3,5.65,5.9,-0.5262675266924044,-0.3258171416545725
BG,Bulgaria,Other EU country,other,False,False,gdp_growth,shock_exposure,macro recovery capacity,covid_min_minus_pre_avg,end_2025_minus_covid_trough,-5.783333333333333,6.2,2.6833333333333336,2.3499999999999996,3.0749999999999997,3.1,0.5375259256377095,-0.007539711628132252
BG,Bulgaria,Other EU country,other,False,False,unemployment,shock_exposure,labor market recovery,covid_max_minus_pre_avg,end_2025_minus_covid_peak,-2.1833333333333353,-2.5999999999999996,8.283333333333335,5.65,4.05,3.5,-0.4944663893988287,-0.6543313313364701
BG,Bulgaria,Other EU country,other,False,False,inflation,shock_exposure,inflation stabilization,transition_max_minus_pre_avg,end_2025_minus_transition_peak,12.616666666666667,-9.5,0.38333333333333336,2.0,6.925000000000001,3.5,0.7905106917186313,-0.5268019482210018
BG,Bulgaria,Other EU country,other,False,False,debt,shock_exposure,fiscal burden persistence,period_max_minus_pre_avg,end_2025_minus_peak,5.0000000000000036,0.0,24.899999999999995,24.15,24.775,29.9,-0.994155571842569,0.7632967316433092
BG,Bulgaria,Other EU country,other,False,False,health_spending,public_response,health-system mobilization,covid_avg_minus_pre_avg,transition_avg_minus_covid_avg,0.7499999999999991,-0.3749999999999991,5.050000000000001,5.8,5.425000000000001,5.4,-0.6149612125544267,0.18560683727674945
BG,Bulgaria,Other EU country,other,False,False,social_protection_spending,public_response,social buffering response,covid_avg_minus_pre_avg,transition_avg_minus_covid_avg,0.5499999999999989,1.0,12.4,12.95,13.95,14.4,-0.3622540224670069,1.7288730673315884
BG,Bulgaria,Other EU country,other,False,False,defense_spending,public_response,security reprioritization,transition_avg_minus_pre_avg,end_2025_minus_pre_avg,0.19999999999999973,0.09999999999999987,1.2000000000000002,1.5,1.4,1.3,-0.328832925232617,-0.7205458953118782
BG,Bulgaria,Other EU country,other,False,False,fuel_energy_spending,public_response,energy-security adaptation,transition_avg_minus_pre_avg,end_2025_minus_pre_avg,1.1500000000000004,0.4,0.7999999999999999,2.0,1.9500000000000002,1.2,1.2809197978285132,0.5538000036242221
BG,Bulgaria,Other EU country,other,False,False,renewables,structural_adaptation,sustainability acceleration,transition_avg_minus_pre_avg,end_2025_minus_pre_avg,2.84716666666667,3.8946666666666694,19.31533333333333,21.356499999999997,22.1625,23.21,-1.0309970838183218,-0.849116598980591
BG,Bulgaria,Other EU country,other,False,False,emissions,structural_adaptation,decarbonization pathway,transition_min_minus_pre_avg,end_2025_minus_transition_trough,-1.716666666666666,0.0,8.416666666666666,7.9,7.3999999999999995,6.7,0.14649205469573004,-0.44610890810959686
BG,Bulgaria,Other EU country,other,False,False,rnd,structural_adaptation,innovation persistence,transition_avg_minus_pre_avg,end_2025_minus_pre_avg,-0.03833333333333322,-0.03833333333333322,0.8083333333333332,0.81,0.77,0.77,-1.0518201317408296,-0.9871703108521674
BG,Bulgaria,Other EU country,other,False,False,ict_specialists,structural_adaptation,digital transition,transition_avg_minus_pre_avg,end_2025_minus_pre_avg,1.4083333333333332,1.833333333333333,2.966666666666667,3.4,4.375,4.8,0.09573154425241141,0.43413854738789953
CY,Cyprus,Other EU country,other,False,False,gdp_growth,shock_exposure,macro recovery capacity,covid_min_minus_pre_avg,end_2025_minus_covid_trough,-7.566666666666667,7.0,4.366666666666667,4.1,5.0,3.8,-0.13269953796494174,0.2638899069846297
CY,Cyprus,Other EU country,other,False,False,unemployment,shock_exposure,labor market recovery,covid_max_minus_pre_avg,end_2025_minus_covid_peak,-4.199999999999999,-3.1999999999999993,11.799999999999999,7.4,5.35,4.4,-1.694631095317081,-0.9463469668089444
CY,Cyprus,Other EU country,other,False,False,inflation,shock_exposure,inflation stabilization,transition_max_minus_pre_avg,end_2025_minus_transition_peak,8.266666666666666,-7.3,-0.16666666666666663,0.5999999999999999,3.7750000000000004,0.8,-0.45462315820117105,0.17481320254867327
CY,Cyprus,Other EU country,other,False,False,debt,shock_exposure,fiscal burden persistence,period_max_minus_pre_avg,end_2025_minus_peak,10.016666666666666,-58.599999999999994,103.58333333333333,105.05,67.225,55.0,-0.26211766911859014,-2.1356185079295273
CY,Cyprus,Other EU country,other,False,False,health_spending,public_response,health-system mobilization,covid_avg_minus_pre_avg,transition_avg_minus_covid_avg,3.433333333333334,-0.125,2.7166666666666663,6.15,6.025,6.1,3.689767275326555,0.796751301480672
CY,Cyprus,Other EU country,other,False,False,social_protection_spending,public_response,social buffering response,covid_avg_minus_pre_avg,transition_avg_minus_covid_avg,-0.6833333333333336,-1.200000000000001,14.833333333333334,14.15,12.95,12.4,-1.3605761423140095,-0.3322420395323635
CY,Cyprus,Other EU country,other,False,False,defense_spending,public_response,security reprioritization,transition_avg_minus_pre_avg,end_2025_minus_pre_avg,0.02499999999999991,0.10000000000000009,1.7,1.75,1.7249999999999999,1.8,-0.8093696999926511,-0.7205458953118777
CY,Cyprus,Other EU country,other,False,False,fuel_energy_spending,public_response,energy-security adaptation,transition_avg_minus_pre_avg,end_2025_minus_pre_avg,0.12500000000000003,0.15000000000000005,0.24999999999999997,0.2,0.375,0.4,-0.506447701578416,-0.009740201068767464
CY,Cyprus,Other EU country,other,False,False,renewables,structural_adaptation,sustainability acceleration,transition_avg_minus_pre_avg,end_2025_minus_pre_avg,9.164000000000001,9.676000000000002,11.168,17.974,20.332,20.844,0.8294675227199091,0.6755542723582352
CY,Cyprus,Other EU country,other,False,False,emissions,structural_adaptation,decarbonization pathway,transition_min_minus_pre_avg,end_2025_minus_transition_trough,-0.8166666666666664,0.0,9.916666666666666,9.4,9.175,9.1,0.6927463149166351,-0.44610890810959686
CY,Cyprus,Other EU country,other,False,False,rnd,structural_adaptation,innovation persistence,transition_avg_minus_pre_avg,end_2025_minus_pre_avg,0.10499999999999998,0.09000000000000008,0.5599999999999999,0.8049999999999999,0.6649999999999999,0.65,-0.33158234173723045,-0.4011260286529509
CY,Cyprus,Other EU country,other,False,False,ict_specialists,structural_adaptation,digital transition,transition_avg_minus_pre_avg,end_2025_minus_pre_avg,2.141666666666666,2.066666666666667,2.8333333333333335,3.55,4.975,4.9,1.3120852829889424,0.7565439912241011
CZ,Czechia,Other EU country,other,False,False,gdp_growth,shock_exposure,macro recovery capacity,covid_min_minus_pre_avg,end_2025_minus_covid_trough,-8.866666666666667,7.9,3.566666666666667,-0.6499999999999999,1.6749999999999998,2.6,-0.6212751095631359,0.5692482279239871
CZ,Czechia,Other EU country,other,False,False,unemployment,shock_exposure,labor market recovery,covid_max_minus_pre_avg,end_2025_minus_covid_peak,-0.9166666666666665,0.0,3.7166666666666663,2.7,2.55,2.8,0.25935607051677,0.6110697557109186
CZ,Czechia,Other EU country,other,False,False,inflation,shock_exposure,inflation stabilization,transition_max_minus_pre_avg,end_2025_minus_transition_peak,13.4,-12.5,1.4000000000000001,3.3,7.95,2.3,1.0147301972597451,-1.4835498810887404
CZ,Czechia,Other EU country,other,False,False,debt,shock_exposure,fiscal burden persistence,period_max_minus_pre_avg,end_2025_minus_peak,8.916666666666664,0.0,35.38333333333333,38.8,43.075,44.3,-0.4226309634035825,0.7632967316433092
CZ,Czechia,Other EU country,other,False,False,health_spending,public_response,health-system mobilization,covid_avg_minus_pre_avg,transition_avg_minus_covid_avg,1.9333333333333327,-0.4499999999999993,7.416666666666667,9.35,8.9,9.0,1.2833973131570615,0.0022634980155716213
CZ,Czechia,Other EU country,other,False,False,social_protection_spending,public_response,social buffering response,covid_avg_minus_pre_avg,transition_avg_minus_covid_avg,1.0333333333333314,-0.3249999999999975,12.566666666666668,13.6,13.275000000000002,13.2,0.028980321797358627,0.4875196506976203
CZ,Czechia,Other EU country,other,False,False,defense_spending,public_response,security reprioritization,transition_avg_minus_pre_avg,end_2025_minus_pre_avg,0.3833333333333334,0.4833333333333335,0.8166666666666665,1.0,1.2,1.3,0.1745865530874202,0.07848803502504416
CZ,Czechia,Other EU country,other,False,False,fuel_energy_spending,public_response,energy-security adaptation,transition_avg_minus_pre_avg,end_2025_minus_pre_avg,-0.15000000000000002,-0.45000000000000007,0.9500000000000001,0.8500000000000001,0.8,0.5,-0.9859853233705189,-1.3622366923319429
CZ,Czechia,Other EU country,other,False,False,renewables,structural_adaptation,sustainability acceleration,transition_avg_minus_pre_avg,end_2025_minus_pre_avg,3.5671666666666653,4.003166666666665,15.207833333333333,17.4585,18.775,19.211,-0.8189391671341945,-0.8205026478377884
CZ,Czechia,Other EU country,other,False,False,emissions,structural_adaptation,decarbonization pathway,transition_min_minus_pre_avg,end_2025_minus_transition_trough,-2.9833333333333325,0.0,11.883333333333333,10.75,9.475,8.9,-0.6223102374670256,-0.44610890810959686
CZ,Czechia,Other EU country,other,False,False,rnd,structural_adaptation,innovation persistence,transition_avg_minus_pre_avg,end_2025_minus_pre_avg,-0.0008333333333330195,-0.01833333333333309,1.8383333333333332,1.94,1.8375000000000001,1.82,-0.8633858262166308,-0.8958387344055356
CZ,Czechia,Other EU country,other,False,False,ict_specialists,structural_adaptation,digital transition,transition_avg_minus_pre_avg,end_2025_minus_pre_avg,0.75,0.9500000000000002,3.75,4.4,4.5,4.7,-0.9962223802951565,-0.7863963471348603
DE,Germany,Other EU country,other,False,False,gdp_growth,shock_exposure,macro recovery capacity,covid_min_minus_pre_avg,end_2025_minus_covid_trough,-5.933333333333333,4.3,1.8333333333333333,-0.09999999999999987,0.15000000000000002,0.2,0.48115182122253347,-0.6521850558334422
DE,Germany,Other EU country,other,False,False,unemployment,shock_exposure,labor market recovery,covid_max_minus_pre_avg,end_2025_minus_covid_peak,-0.16666666666666607,0.19999999999999973,3.766666666666666,3.6,3.3499999999999996,3.8,0.7056983165194266,0.7084083008684099
DE,Germany,Other EU country,other,False,False,inflation,shock_exposure,inflation stabilization,transition_max_minus_pre_avg,end_2025_minus_transition_peak,7.549999999999999,-6.3999999999999995,1.1500000000000001,1.8,4.875,2.3,-0.6597601526324028,0.46183758240899503
DE,Germany,Other EU country,other,False,False,debt,shock_exposure,fiscal burden persistence,period_max_minus_pre_avg,end_2025_minus_peak,8.25,-11.0,66.25,67.95,63.1,63.5,-0.519911747818729,0.21913175493168457
DE,Germany,Other EU country,other,False,False,health_spending,public_response,health-system mobilization,covid_avg_minus_pre_avg,transition_avg_minus_covid_avg,1.3499999999999996,-0.6750000000000007,7.050000000000001,8.4,7.725,7.6,0.3475867723133708,-0.5477665197679641
DE,Germany,Other EU country,other,False,False,social_protection_spending,public_response,social buffering response,covid_avg_minus_pre_avg,transition_avg_minus_covid_avg,2.0666666666666664,-0.9250000000000007,18.883333333333333,20.95,20.025,20.4,0.8654123681556601,-0.0746026511743693
DE,Germany,Other EU country,other,False,False,defense_spending,public_response,security reprioritization,transition_avg_minus_pre_avg,end_2025_minus_pre_avg,0.2999999999999998,0.3999999999999999,1.0,1.1,1.2999999999999998,1.4,-0.05424048251259698,-0.09521499330906978
DE,Germany,Other EU country,other,False,False,fuel_energy_spending,public_response,energy-security adaptation,transition_avg_minus_pre_avg,end_2025_minus_pre_avg,0.05833333333333335,-0.16666666666666674,0.8666666666666667,0.9,0.925,0.7,-0.6226992462552895,-0.7235577936798879
DE,Germany,Other EU country,other,False,False,renewables,structural_adaptation,sustainability acceleration,transition_avg_minus_pre_avg,end_2025_minus_pre_avg,6.228083333333334,6.879833333333334,15.594166666666666,19.195999999999998,21.82225,22.474,-0.0352329937961254,-0.06185933489647833
DE,Germany,Other EU country,other,False,False,emissions,structural_adaptation,decarbonization pathway,transition_min_minus_pre_avg,end_2025_minus_transition_trough,-2.8,0.0,10.6,9.0,8.15,7.8,-0.5110362214961008,-0.44610890810959686
DE,Germany,Other EU country,other,False,False,rnd,structural_adaptation,innovation persistence,transition_avg_minus_pre_avg,end_2025_minus_pre_avg,0.1525000000000003,0.17500000000000027,2.9549999999999996,3.08,3.1075,3.13,-0.09289888807324523,-0.01296682875476751
DE,Germany,Other EU country,other,False,False,ict_specialists,structural_adaptation,digital transition,transition_avg_minus_pre_avg,end_2025_minus_pre_avg,1.3416666666666668,1.7166666666666668,3.783333333333333,4.800000000000001,5.125,5.5,-0.014846068360000152,0.27293582546979966
DK,Denmark,Other EU country,other,False,False,gdp_growth,shock_exposure,macro recovery capacity,covid_min_minus_pre_avg,end_2025_minus_covid_trough,-4.0,4.7,2.1999999999999997,2.35,1.85,2.9,1.2077513892403606,-0.5164702465270611
DK,Denmark,Other EU country,other,False,False,unemployment,shock_exposure,labor market recovery,covid_max_minus_pre_avg,end_2025_minus_covid_peak,-0.2500000000000009,0.8000000000000007,5.8500000000000005,5.35,5.550000000000001,6.4,0.6561047336302417,1.0004239363408847
DK,Denmark,Other EU country,other,False,False,inflation,shock_exposure,inflation stabilization,transition_max_minus_pre_avg,end_2025_minus_transition_peak,8.1,-6.8,0.5,1.0999999999999999,3.7750000000000004,1.8,-0.502329435975876,0.3342711913599631
DK,Denmark,Other EU country,other,False,False,debt,shock_exposure,fiscal burden persistence,period_max_minus_pre_avg,end_2025_minus_peak,6.700000000000003,-20.800000000000004,42.0,42.400000000000006,31.174999999999997,27.9,-0.7460895715839448,-0.26566976977503576
DK,Denmark,Other EU country,other,False,False,health_spending,public_response,health-system mobilization,covid_avg_minus_pre_avg,transition_avg_minus_covid_avg,0.5500000000000025,-1.0500000000000007,8.799999999999999,9.350000000000001,8.3,8.3,-0.9358105408436868,-1.464483216073851
DK,Denmark,Other EU country,other,False,False,social_protection_spending,public_response,social buffering response,covid_avg_minus_pre_avg,transition_avg_minus_covid_avg,-1.1166666666666671,-1.9000000000000021,22.416666666666668,21.3,19.4,19.6,-1.7113379682062,-0.9880513917163489
DK,Denmark,Other EU country,other,False,False,defense_spending,public_response,security reprioritization,transition_avg_minus_pre_avg,end_2025_minus_pre_avg,0.5166666666666664,0.6666666666666665,1.1333333333333335,1.2,1.65,1.8,0.5407098100474456,0.460634697360093
DK,Denmark,Other EU country,other,False,False,fuel_energy_spending,public_response,energy-security adaptation,transition_avg_minus_pre_avg,end_2025_minus_pre_avg,-0.12499999999999994,-0.09999999999999998,0.39999999999999997,0.45,0.275,0.3,-0.9423909941166914,-0.5732804057617571
DK,Denmark,Other EU country,other,False,False,renewables,structural_adaptation,sustainability acceleration,transition_avg_minus_pre_avg,end_2025_minus_pre_avg,11.49450000000001,13.451,33.01,36.5875,44.50450000000001,46.461,1.515857765542636,1.6711087936861988
DK,Denmark,Other EU country,other,False,False,emissions,structural_adaptation,decarbonization pathway,transition_min_minus_pre_avg,end_2025_minus_transition_trough,-2.5666666666666655,0.0,8.766666666666666,7.5,6.55,6.2,-0.3694147466240137,-0.44610890810959686
DK,Denmark,Other EU country,other,False,False,rnd,structural_adaptation,innovation persistence,transition_avg_minus_pre_avg,end_2025_minus_pre_avg,0.0008333333333330195,0.01833333333333309,2.9916666666666667,2.865,2.9924999999999997,3.01,-0.8550109681933363,-0.7283975109200475
DK,Denmark,Other EU country,other,False,False,ict_specialists,structural_adaptation,digital transition,transition_avg_minus_pre_avg,end_2025_minus_pre_avg,0.9249999999999998,0.8499999999999996,4.8500000000000005,5.449999999999999,5.775,5.7,-0.7059561471875754,-0.9245701087789471
EE,Estonia,Other EU country,other,False,False,gdp_growth,shock_exposure,macro recovery capacity,covid_min_minus_pre_avg,end_2025_minus_covid_trough,-6.433333333333334,3.5,3.533333333333333,2.7,-0.85,0.6,0.2932381398386123,-0.9236146744462042
EE,Estonia,Other EU country,other,False,False,unemployment,shock_exposure,labor market recovery,covid_max_minus_pre_avg,end_2025_minus_covid_peak,0.8666666666666663,0.5999999999999996,6.033333333333334,6.550000000000001,6.775,7.5,1.320658744345308,0.9030853911833928
EE,Estonia,Other EU country,other,False,False,inflation,shock_exposure,inflation stabilization,transition_max_minus_pre_avg,end_2025_minus_transition_peak,17.599999999999998,-14.599999999999998,1.8,1.95,9.25,4.8,2.2169283971823117,-2.153273434096157
EE,Estonia,Other EU country,other,False,False,debt,shock_exposure,fiscal burden persistence,period_max_minus_pre_avg,end_2025_minus_peak,14.183333333333335,0.0,9.916666666666666,18.75,21.75,24.1,0.3458872334760777,0.7632967316433092
EE,Estonia,Other EU country,other,False,False,health_spending,public_response,health-system mobilization,covid_avg_minus_pre_avg,transition_avg_minus_covid_avg,1.166666666666667,-0.3249999999999993,5.333333333333333,6.5,6.175000000000001,6.3,0.0534748880482118,0.30783573011753396
EE,Estonia,Other EU country,other,False,False,social_protection_spending,public_response,social buffering response,covid_avg_minus_pre_avg,transition_avg_minus_covid_avg,1.6333333333333329,-0.47499999999999964,12.266666666666667,13.9,13.425,13.8,0.5146505422634695,0.34698907522962164
EE,Estonia,Other EU country,other,False,False,defense_spending,public_response,security reprioritization,transition_avg_minus_pre_avg,end_2025_minus_pre_avg,1.1583333333333332,1.6833333333333336,2.0166666666666666,2.2,3.175,3.7,2.302677984167573,2.5798116430362774
EE,Estonia,Other EU country,other,False,False,fuel_energy_spending,public_response,energy-security adaptation,transition_avg_minus_pre_avg,end_2025_minus_pre_avg,0.21666666666666662,-0.08333333333333331,0.48333333333333334,0.6,0.7,0.4,-0.3466018276477152,-0.5357110587822246
EE,Estonia,Other EU country,other,False,False,renewables,structural_adaptation,sustainability acceleration,transition_avg_minus_pre_avg,end_2025_minus_pre_avg,11.72450000000001,12.967500000000005,29.264499999999995,33.7055,40.989000000000004,42.232,1.5835984889278438,1.5435986980406182
EE,Estonia,Other EU country,other,False,False,emissions,structural_adaptation,decarbonization pathway,transition_min_minus_pre_avg,end_2025_minus_transition_trough,-6.866666666666667,0.0,14.366666666666667,8.95,8.375,7.5,-2.979296212123896,-0.44610890810959686
EE,Estonia,Other EU country,other,False,False,rnd,structural_adaptation,innovation persistence,transition_avg_minus_pre_avg,end_2025_minus_pre_avg,0.5133333333333334,0.6083333333333334,1.3816666666666666,1.74,1.895,1.99,1.7202578739706995,1.965883994255574
EE,Estonia,Other EU country,other,False,False,ict_specialists,structural_adaptation,digital transition,transition_avg_minus_pre_avg,end_2025_minus_pre_avg,1.875,1.8499999999999996,4.95,6.2,6.825,6.8,0.8697748325392953,0.45716750766191383
EL,Greece,Other EU country,other,False,False,gdp_growth,shock_exposure,macro recovery capacity,covid_min_minus_pre_avg,end_2025_minus_covid_trough,-10.283333333333333,11.299999999999999,1.0833333333333333,-0.25,2.9499999999999997,2.1,-1.1536972068175781,1.7228241070282253
EL,Greece,Other EU country,other,False,False,unemployment,shock_exposure,labor market recovery,covid_max_minus_pre_avg,end_2025_minus_covid_peak,-4.883333333333333,-8.700000000000001,22.483333333333334,16.15,10.65,8.9,-2.1012984750083903,-3.62315695863996
EL,Greece,Other EU country,other,False,False,inflation,shock_exposure,inflation stabilization,transition_max_minus_pre_avg,end_2025_minus_transition_peak,9.316666666666668,-6.4,-0.016666666666666646,-0.35000000000000003,4.85,2.9,-0.15407360822052849,0.46183758240899475
EL,Greece,Other EU country,other,False,False,debt,shock_exposure,fiscal burden persistence,period_max_minus_pre_avg,end_2025_minus_peak,26.116666666666674,-63.30000000000001,183.28333333333333,203.35000000000002,160.6,146.1,2.0872132745072056,-2.368125361615404
EL,Greece,Other EU country,other,False,False,health_spending,public_response,health-system mobilization,covid_avg_minus_pre_avg,transition_avg_minus_covid_avg,1.2999999999999998,-0.7249999999999996,5.3,6.6,5.875,5.7,0.2673744402410547,-0.6699954126087464
EL,Greece,Other EU country,other,False,False,social_protection_spending,public_response,social buffering response,covid_avg_minus_pre_avg,transition_avg_minus_covid_avg,1.1333333333333329,-3.1000000000000014,20.166666666666668,21.3,18.2,17.7,0.1099253585417114,-2.1122959954603213
EL,Greece,Other EU country,other,False,False,defense_spending,public_response,security reprioritization,transition_avg_minus_pre_avg,end_2025_minus_pre_avg,-0.04999999999999982,-0.1499999999999999,2.35,2.6,2.3000000000000003,2.2,-1.0153140320326652,-1.241654980314218
EL,Greece,Other EU country,other,False,False,fuel_energy_spending,public_response,energy-security adaptation,transition_avg_minus_pre_avg,end_2025_minus_pre_avg,1.8249999999999997,0.8499999999999999,0.35000000000000003,1.0,2.175,1.2,2.4579666876818553,1.5681723720716032
EL,Greece,Other EU country,other,False,False,renewables,structural_adaptation,sustainability acceleration,transition_avg_minus_pre_avg,end_2025_minus_pre_avg,7.717500000000001,8.4145,16.9495,21.875,24.667,25.364,0.4034372776038089,0.34286764225088995
EL,Greece,Other EU country,other,False,False,emissions,structural_adaptation,decarbonization pathway,transition_min_minus_pre_avg,end_2025_minus_transition_trough,-1.8500000000000014,0.1999999999999993,8.750000000000002,7.300000000000001,7.125,7.1,0.06556549762596495,1.7438802771556916
EL,Greece,Other EU country,other,False,False,rnd,structural_adaptation,innovation persistence,transition_avg_minus_pre_avg,end_2025_minus_pre_avg,0.43999999999999995,0.4650000000000001,1.075,1.46,1.515,1.54,1.3517641209456013,1.3113410297213839
EL,Greece,Other EU country,other,False,False,ict_specialists,structural_adaptation,digital transition,transition_avg_minus_pre_avg,end_2025_minus_pre_avg,0.5916666666666666,0.6166666666666665,1.8833333333333335,2.2,2.475,2.5,-1.258844210249635,-1.2469755526151478
ES,Spain,Other EU country,other,False,False,gdp_growth,shock_exposure,macro recovery capacity,covid_min_minus_pre_avg,end_2025_minus_covid_trough,-13.533333333333333,13.7,2.6333333333333333,-2.1,3.8,2.8,-2.3751361358130634,2.5371129628665114
ES,Spain,Other EU country,other,False,False,unemployment,shock_exposure,labor market recovery,covid_max_minus_pre_avg,end_2025_minus_covid_peak,-3.3000000000000007,-5.0,18.8,15.2,11.775,10.5,-1.159020400113894,-1.8223938732263678
ES,Spain,Other EU country,other,False,False,inflation,shock_exposure,inflation stabilization,transition_max_minus_pre_avg,end_2025_minus_transition_peak,7.733333333333334,-5.6000000000000005,0.5666666666666665,1.35,4.325,2.7,-0.6072832470802266,0.7169703645070583
ES,Spain,Other EU country,other,False,False,debt,shock_exposure,fiscal burden persistence,period_max_minus_pre_avg,end_2025_minus_peak,18.03333333333333,-18.599999999999994,101.26666666666667,117.5,104.2,100.7,0.9076837634735497,-0.15683677443271035
ES,Spain,Other EU country,other,False,False,health_spending,public_response,health-system mobilization,covid_avg_minus_pre_avg,transition_avg_minus_covid_avg,1.3666666666666663,-0.8000000000000007,6.033333333333334,7.4,6.6,6.5,0.3743242163374762,-0.8533387518699264
ES,Spain,Other EU country,other,False,False,social_protection_spending,public_response,social buffering response,covid_avg_minus_pre_avg,transition_avg_minus_covid_avg,3.9333333333333336,-2.4499999999999993,17.066666666666666,21.0,18.55,18.7,2.3763863873835573,-1.503330168432334
ES,Spain,Other EU country,other,False,False,defense_spending,public_response,security reprioritization,transition_avg_minus_pre_avg,end_2025_minus_pre_avg,0.050000000000000044,1.1102230246251565e-16,0.8999999999999999,0.9,0.95,0.9,-0.7407215893126458,-0.9289895293128138
ES,Spain,Other EU country,other,False,False,fuel_energy_spending,public_response,energy-security adaptation,transition_avg_minus_pre_avg,end_2025_minus_pre_avg,0.15833333333333327,-0.016666666666666663,0.4166666666666667,0.5,0.575,0.4,-0.4483219292399795,-0.38543367086409397
ES,Spain,Other EU country,other,False,False,renewables,structural_adaptation,sustainability acceleration,transition_avg_minus_pre_avg,end_2025_minus_pre_avg,7.561666666666667,8.565666666666669,16.851333333333333,20.886,24.413,25.417,0.3575404831362948,0.3827337769460102
ES,Spain,Other EU country,other,False,False,emissions,structural_adaptation,decarbonization pathway,transition_min_minus_pre_avg,end_2025_minus_transition_trough,-1.4666666666666677,0.0,6.966666666666668,5.9,5.675,5.5,0.298229349201536,-0.44610890810959686
ES,Spain,Other EU country,other,False,False,rnd,structural_adaptation,innovation persistence,transition_avg_minus_pre_avg,end_2025_minus_pre_avg,0.25749999999999984,0.2849999999999999,1.215,1.4,1.4725,1.5,0.4347171673945057,0.4893568417017024
ES,Spain,Other EU country,other,False,False,ict_specialists,structural_adaptation,digital transition,transition_avg_minus_pre_avg,end_2025_minus_pre_avg,1.1166666666666663,1.3666666666666663,3.4333333333333336,4.0,4.55,4.8,-0.38804551092689143,-0.21067234028450238
FI,Finland,Other EU country,other,False,False,gdp_growth,shock_exposure,macro recovery capacity,covid_min_minus_pre_avg,end_2025_minus_covid_trough,-3.9000000000000004,2.7,1.4000000000000001,0.10000000000000009,0.02500000000000001,0.2,1.2453341255171446,-1.1950442930589662
FI,Finland,Other EU country,other,False,False,unemployment,shock_exposure,labor market recovery,covid_max_minus_pre_avg,end_2025_minus_covid_peak,-0.6333333333333337,1.9999999999999991,8.333333333333334,7.7,8.024999999999999,9.7,0.42797425233999536,1.5844552072858327
FI,Finland,Other EU country,other,False,False,inflation,shock_exposure,inflation stabilization,transition_max_minus_pre_avg,end_2025_minus_transition_peak,6.45,-5.4,0.75,1.25,3.575,1.8,-0.9746215859454558,0.7807535600315743
FI,Finland,Other EU country,other,False,False,debt,shock_exposure,fiscal burden persistence,period_max_minus_pre_avg,end_2025_minus_peak,21.91666666666667,0.0,66.58333333333333,74.19999999999999,80.475,88.5,1.4743443326917807,0.7632967316433092
FI,Finland,Other EU country,other,False,False,health_spending,public_response,health-system mobilization,covid_avg_minus_pre_avg,transition_avg_minus_covid_avg,0.34999999999999876,-0.125,7.400000000000001,7.75,7.625,7.7,-1.2566598691329582,0.796751301480672
FI,Finland,Other EU country,other,False,False,social_protection_spending,public_response,social buffering response,covid_avg_minus_pre_avg,transition_avg_minus_covid_avg,0.5,0.10000000000000142,25.0,25.5,25.6,26.5,-0.4027265408391818,0.8856896145236098
FI,Finland,Other EU country,other,False,False,defense_spending,public_response,security reprioritization,transition_avg_minus_pre_avg,end_2025_minus_pre_avg,0.11666666666666647,0.21666666666666656,1.2833333333333334,1.25,1.4,1.5,-0.5576599608326333,-0.4773616556441193
FI,Finland,Other EU country,other,False,False,fuel_energy_spending,public_response,energy-security adaptation,transition_avg_minus_pre_avg,end_2025_minus_pre_avg,-0.01666666666666665,-0.01666666666666665,0.11666666666666665,0.15000000000000002,0.1,0.1,-0.7534822340167721,-0.3854336708640939
FI,Finland,Other EU country,other,False,False,renewables,structural_adaptation,sustainability acceleration,transition_avg_minus_pre_avg,end_2025_minus_pre_avg,10.41716666666666,11.848166666666664,40.27583333333334,43.379000000000005,50.693,52.124,1.198556290207861,1.2484046951603247
FI,Finland,Other EU country,other,False,False,emissions,structural_adaptation,decarbonization pathway,transition_min_minus_pre_avg,end_2025_minus_transition_trough,-3.216666666666667,0.0,10.216666666666667,8.7,7.4,7.0,-0.7639317123391127,-0.44610890810959686
FI,Finland,Other EU country,other,False,False,rnd,structural_adaptation,innovation persistence,transition_avg_minus_pre_avg,end_2025_minus_pre_avg,0.26916666666666744,0.36166666666666725,2.858333333333333,2.9699999999999998,3.1275000000000004,3.22,0.4933411735575941,0.8394612180804583
FI,Finland,Other EU country,other,False,False,ict_specialists,structural_adaptation,digital transition,transition_avg_minus_pre_avg,end_2025_minus_pre_avg,1.116666666666668,1.2166666666666677,6.583333333333332,7.5,7.7,7.8,-0.38804551092688844,-0.41793298275062957
FR,France,Other EU country,other,False,False,gdp_growth,shock_exposure,macro recovery capacity,covid_min_minus_pre_avg,end_2025_minus_covid_trough,-8.85,8.200000000000001,1.45,-0.25,1.525,0.8,-0.6150113201836716,0.6710343349037732
FR,France,Other EU country,other,False,False,unemployment,shock_exposure,labor market recovery,covid_max_minus_pre_avg,end_2025_minus_covid_peak,-1.583333333333334,-0.2999999999999998,9.583333333333334,7.95,7.425,7.7,-0.13739259259670278,0.4650619379746815
FR,France,Other EU country,other,False,False,inflation,shock_exposure,inflation stabilization,transition_max_minus_pre_avg,end_2025_minus_transition_peak,4.966666666666667,-5.0,0.9333333333333335,1.3,3.7000000000000006,0.9,-1.3992074581403309,0.9083199510806063
FR,France,Other EU country,other,False,False,debt,shock_exposure,fiscal burden persistence,period_max_minus_pre_avg,end_2025_minus_peak,17.799999999999997,0.0,97.8,113.85,112.275,115.6,0.8736354889282483,0.7632967316433092
FR,France,Other EU country,other,False,False,health_spending,public_response,health-system mobilization,covid_avg_minus_pre_avg,transition_avg_minus_covid_avg,0.9666666666666668,-0.27500000000000036,8.233333333333333,9.2,8.924999999999999,8.9,-0.267374440241054,0.43006462295831627
FR,France,Other EU country,other,False,False,social_protection_spending,public_response,social buffering response,covid_avg_minus_pre_avg,transition_avg_minus_covid_avg,1.7666666666666693,-2.375,24.23333333333333,26.0,23.625,23.7,0.6225772579226075,-1.4330648806983364
FR,France,Other EU country,other,False,False,defense_spending,public_response,security reprioritization,transition_avg_minus_pre_avg,end_2025_minus_pre_avg,0.06666666666666687,0.1166666666666667,1.7833333333333332,1.7999999999999998,1.85,1.9,-0.694956182192642,-0.6858052896450552
FR,France,Other EU country,other,False,False,fuel_energy_spending,public_response,energy-security adaptation,transition_avg_minus_pre_avg,end_2025_minus_pre_avg,0.38333333333333336,0.08333333333333331,0.4166666666666667,0.45,0.8,0.5,-0.05597296595553156,-0.1600175889868982
FR,France,Other EU country,other,False,False,renewables,structural_adaptation,sustainability acceleration,transition_avg_minus_pre_avg,end_2025_minus_pre_avg,6.642333333333331,7.558833333333331,15.670166666666669,19.25,22.3125,23.229,0.08677393951831866,0.11720861741655063
FR,France,Other EU country,other,False,False,emissions,structural_adaptation,decarbonization pathway,transition_min_minus_pre_avg,end_2025_minus_transition_trough,-1.5333333333333332,0.0,6.833333333333333,6.050000000000001,5.5,5.3,0.2577660706666548,-0.44610890810959686
FR,France,Other EU country,other,False,False,rnd,structural_adaptation,innovation persistence,transition_avg_minus_pre_avg,end_2025_minus_pre_avg,-0.019999999999999574,-0.02999999999999936,2.2099999999999995,2.24,2.19,2.18,-0.9596966934845536,-0.9491154873327354
FR,France,Other EU country,other,False,False,ict_specialists,structural_adaptation,digital transition,transition_avg_minus_pre_avg,end_2025_minus_pre_avg,0.9916666666666676,1.2166666666666672,3.683333333333333,4.5,4.675000000000001,4.9,-0.5953785345751617,-0.4179329827506302
HR,Croatia,Other EU country,other,False,False,gdp_growth,shock_exposure,macro recovery capacity,covid_min_minus_pre_avg,end_2025_minus_covid_trough,-10.716666666666667,11.700000000000001,2.4166666666666665,2.1499999999999995,4.574999999999999,3.4,-1.3165557306836428,1.858538916334607
HR,Croatia,Other EU country,other,False,False,unemployment,shock_exposure,labor market recovery,covid_max_minus_pre_avg,end_2025_minus_covid_peak,-4.583333333333334,-2.5999999999999996,12.083333333333334,7.45,5.699999999999999,4.9,-1.9227615766073283,-0.6543313313364701
HR,Croatia,Other EU country,other,False,False,inflation,shock_exposure,inflation stabilization,transition_max_minus_pre_avg,end_2025_minus_transition_peak,10.2,-6.299999999999999,0.5,1.35,6.875,4.4,0.09876966398540767,0.4937291801712531
HR,Croatia,Other EU country,other,False,False,debt,shock_exposure,fiscal burden persistence,period_max_minus_pre_avg,end_2025_minus_peak,8.966666666666654,-30.200000000000003,77.53333333333335,82.35,60.775000000000006,56.3,-0.415334904572448,-0.7306834771467876
HR,Croatia,Other EU country,other,False,False,health_spending,public_response,health-system mobilization,covid_avg_minus_pre_avg,transition_avg_minus_covid_avg,1.7333333333333343,-0.1750000000000007,6.816666666666666,8.55,8.375,9.0,0.9625479848677986,0.6745224086398853
HR,Croatia,Other EU country,other,False,False,social_protection_spending,public_response,social buffering response,covid_avg_minus_pre_avg,transition_avg_minus_covid_avg,0.4166666666666661,-1.3999999999999986,14.333333333333334,14.75,13.350000000000001,13.8,-0.470180738126142,-0.5196161401563567
HR,Croatia,Other EU country,other,False,False,defense_spending,public_response,security reprioritization,transition_avg_minus_pre_avg,end_2025_minus_pre_avg,0.19166666666666687,0.3666666666666669,1.133333333333333,1.05,1.325,1.5,-0.3517156287926173,-0.16469620464271445
HR,Croatia,Other EU country,other,False,False,fuel_energy_spending,public_response,energy-security adaptation,transition_avg_minus_pre_avg,end_2025_minus_pre_avg,0.7916666666666665,0.4666666666666667,0.43333333333333335,0.55,1.2249999999999999,0.9,0.6560677451903177,0.7040773915423527
HR,Croatia,Other EU country,other,False,False,renewables,structural_adaptation,sustainability acceleration,transition_avg_minus_pre_avg,end_2025_minus_pre_avg,-0.8583333333333307,-1.6638333333333328,28.140833333333333,31.154,27.282500000000002,26.477,-2.1223590425308756,-2.315021183563767
HR,Croatia,Other EU country,other,False,False,emissions,structural_adaptation,decarbonization pathway,transition_min_minus_pre_avg,end_2025_minus_transition_trough,0.21666666666666679,0.20000000000000018,6.083333333333333,6.199999999999999,6.475,6.5,1.319927132207304,1.7438802771557014
HR,Croatia,Other EU country,other,False,False,rnd,structural_adaptation,innovation persistence,transition_avg_minus_pre_avg,end_2025_minus_pre_avg,0.48750000000000016,0.4650000000000002,0.8849999999999999,1.24,1.3725,1.35,1.5904475746095859,1.3113410297213843
HR,Croatia,Other EU country,other,False,False,ict_specialists,structural_adaptation,digital transition,transition_avg_minus_pre_avg,end_2025_minus_pre_avg,1.3333333333333335,1.7333333333333338,3.1666666666666665,3.7,4.5,4.9,-0.028668269936551596,0.2959647857438146
HU,Hungary,Other EU country,other,False,False,gdp_growth,shock_exposure,macro recovery capacity,covid_min_minus_pre_avg,end_2025_minus_covid_trough,-8.5,4.8,4.2,1.4500000000000002,1.1500000000000001,0.5,-0.4834717432149271,-0.48254154420046597
HU,Hungary,Other EU country,other,False,False,unemployment,shock_exposure,labor market recovery,covid_max_minus_pre_avg,end_2025_minus_covid_peak,-0.9000000000000012,0.3000000000000007,5.000000000000001,4.05,4.15,4.4,0.26927478709460595,0.7570775734471561
HU,Hungary,Other EU country,other,False,False,inflation,shock_exposure,inflation stabilization,transition_max_minus_pre_avg,end_2025_minus_transition_peak,15.466666666666667,-12.6,1.5333333333333332,4.3,10.1,4.4,1.6062880416660876,-1.5154414788509984
HU,Hungary,Other EU country,other,False,False,debt,shock_exposure,fiscal burden persistence,period_max_minus_pre_avg,end_2025_minus_peak,6.6000000000000085,-4.1000000000000085,72.1,77.45,73.875,74.6,-0.7606816892462159,0.560471603959885
HU,Hungary,Other EU country,other,False,False,health_spending,public_response,health-system mobilization,covid_avg_minus_pre_avg,transition_avg_minus_covid_avg,1.3666666666666663,-1.2999999999999998,4.733333333333333,6.1,4.8,4.7,0.3743242163374762,-2.0756276802777736
HU,Hungary,Other EU country,other,False,False,social_protection_spending,public_response,social buffering response,covid_avg_minus_pre_avg,transition_avg_minus_covid_avg,-0.6999999999999993,-0.6999999999999993,13.899999999999999,13.2,12.5,12.3,-1.3740669817714006,0.13619321202762702
HU,Hungary,Other EU country,other,False,False,defense_spending,public_response,security reprioritization,transition_avg_minus_pre_avg,end_2025_minus_pre_avg,0.9500000000000001,1.15,0.85,1.05,1.8,2.0,1.730610395167532,1.4681122616979507
HU,Hungary,Other EU country,other,False,False,fuel_energy_spending,public_response,energy-security adaptation,transition_avg_minus_pre_avg,end_2025_minus_pre_avg,1.7333333333333334,1.1333333333333333,0.3666666666666667,0.6000000000000001,2.1,1.5,2.298120813751155,2.2068512707236585
HU,Hungary,Other EU country,other,False,False,renewables,structural_adaptation,sustainability acceleration,transition_avg_minus_pre_avg,end_2025_minus_pre_avg,3.4885833333333327,4.559333333333333,13.704666666666666,13.992,17.19325,18.264,-0.8420839142908069,-0.6738286770796681
HU,Hungary,Other EU country,other,False,False,emissions,structural_adaptation,decarbonization pathway,transition_min_minus_pre_avg,end_2025_minus_transition_trough,-0.9000000000000004,0.0,6.5,6.55,5.775,5.6,0.6421672167480323,-0.44610890810959686
HU,Hungary,Other EU country,other,False,False,rnd,structural_adaptation,innovation persistence,transition_avg_minus_pre_avg,end_2025_minus_pre_avg,-0.007499999999999618,-0.04499999999999971,1.3549999999999998,1.605,1.3475000000000001,1.31,-0.8968852583098212,-1.0176141696677103
HU,Hungary,Other EU country,other,False,False,ict_specialists,structural_adaptation,digital transition,transition_avg_minus_pre_avg,end_2025_minus_pre_avg,0.8083333333333336,1.0333333333333332,3.5666666666666664,3.8499999999999996,4.375,4.6,-0.8994669692592957,-0.671251545764789
IE,Ireland,Other EU country,other,False,False,gdp_growth,shock_exposure,macro recovery capacity,covid_min_minus_pre_avg,end_2025_minus_covid_trough,-2.4666666666666677,5.1000000000000005,9.666666666666668,11.75,4.975,12.3,1.7840200121510508,-0.38075543722067995
IE,Ireland,Other EU country,other,False,False,unemployment,shock_exposure,labor market recovery,covid_max_minus_pre_avg,end_2025_minus_covid_peak,-1.75,-1.5,7.95,6.050000000000001,4.45,4.7,-0.2365797583750705,-0.11896933297026735
IE,Ireland,Other EU country,other,False,False,inflation,shock_exposure,inflation stabilization,transition_max_minus_pre_avg,end_2025_minus_transition_peak,7.766666666666667,-6.0,0.3333333333333333,0.95,4.175000000000001,2.1,-0.597741991525286,0.5894039734580266
IE,Ireland,Other EU country,other,False,False,debt,shock_exposure,fiscal burden persistence,period_max_minus_pre_avg,end_2025_minus_peak,29.66666666666667,-68.5,71.73333333333333,54.65,39.0,32.9,2.605233451517862,-2.62536698696999
IE,Ireland,Other EU country,other,False,False,health_spending,public_response,health-system mobilization,covid_avg_minus_pre_avg,transition_avg_minus_covid_avg,0.13333333333333197,-0.12499999999999911,5.216666666666668,5.35,5.2250000000000005,5.4,-1.6042466414463294,0.7967513014806741
IE,Ireland,Other EU country,other,False,False,social_protection_spending,public_response,social buffering response,covid_avg_minus_pre_avg,transition_avg_minus_covid_avg,-0.9833333333333343,-1.299999999999999,9.933333333333334,8.95,7.65,7.8,-1.603411252547065,-0.4259290898443593
IE,Ireland,Other EU country,other,False,False,defense_spending,public_response,security reprioritization,transition_avg_minus_pre_avg,end_2025_minus_pre_avg,-0.11666666666666667,-0.16666666666666666,0.26666666666666666,0.2,0.15,0.1,-1.198375660512679,-1.2763955859810407
IE,Ireland,Other EU country,other,False,False,fuel_energy_spending,public_response,energy-security adaptation,transition_avg_minus_pre_avg,end_2025_minus_pre_avg,-0.09999999999999998,-0.09999999999999998,0.19999999999999998,0.05,0.1,0.1,-0.8987966648628638,-0.5732804057617571
IE,Ireland,Other EU country,other,False,False,renewables,structural_adaptation,sustainability acceleration,transition_avg_minus_pre_avg,end_2025_minus_pre_avg,5.058833333333332,6.025833333333333,10.038166666666667,14.5525,15.097,16.064,-0.3796062147446223,-0.28707882131080475
IE,Ireland,Other EU country,other,False,False,emissions,structural_adaptation,decarbonization pathway,transition_min_minus_pre_avg,end_2025_minus_transition_trough,-2.6500000000000004,0.0,12.65,11.600000000000001,10.425,10.0,-0.4199938447926169,-0.44610890810959686
IE,Ireland,Other EU country,other,False,False,rnd,structural_adaptation,innovation persistence,transition_avg_minus_pre_avg,end_2025_minus_pre_avg,0.25750000000000006,0.17999999999999994,1.2,1.105,1.4575,1.38,0.43471716739450683,0.009866065356888783
IE,Ireland,Other EU country,other,False,False,ict_specialists,structural_adaptation,digital transition,transition_avg_minus_pre_avg,end_2025_minus_pre_avg,1.416666666666667,1.3666666666666671,4.833333333333333,6.0,6.25,6.2,0.1095537458289636,-0.21067234028450116
IT,Italy,Other EU country,other,False,False,gdp_growth,shock_exposure,macro recovery capacity,covid_min_minus_pre_avg,end_2025_minus_covid_trough,-9.716666666666667,9.4,0.8166666666666668,0.0,1.75,0.5,-0.9407283679158012,1.078178762822916
IT,Italy,Other EU country,other,False,False,unemployment,shock_exposure,labor market recovery,covid_max_minus_pre_avg,end_2025_minus_covid_peak,-1.8999999999999986,-3.4000000000000004,11.399999999999999,9.4,7.1,6.1,-0.3258482075756009,-1.0436855119664363
IT,Italy,Other EU country,other,False,False,inflation,shock_exposure,inflation stabilization,transition_max_minus_pre_avg,end_2025_minus_transition_peak,8.116666666666665,-7.1,0.5833333333333334,0.9,4.325,1.6,-0.4975588081984057,0.23859639807318925
IT,Italy,Other EU country,other,False,False,debt,shock_exposure,fiscal burden persistence,period_max_minus_pre_avg,end_2025_minus_peak,20.133333333333326,-17.30000000000001,134.26666666666668,150.10000000000002,136.025,137.1,1.2141182343812613,-0.09252636809406464
IT,Italy,Other EU country,other,False,False,health_spending,public_response,health-system mobilization,covid_avg_minus_pre_avg,transition_avg_minus_covid_avg,0.7666666666666648,-0.9499999999999993,6.833333333333335,7.6,6.65,6.6,-0.5882237685303227,-1.2200254303922777
IT,Italy,Other EU country,other,False,False,social_protection_spending,public_response,social buffering response,covid_avg_minus_pre_avg,transition_avg_minus_covid_avg,2.933333333333337,-2.5500000000000007,20.866666666666664,23.8,21.25,21.3,1.5669360199400442,-1.597017218744333
IT,Italy,Other EU country,other,False,False,defense_spending,public_response,security reprioritization,transition_avg_minus_pre_avg,end_2025_minus_pre_avg,0.0,0.050000000000000044,1.25,1.4,1.25,1.3,-0.8780178106726557,-0.8247677123123458
IT,Italy,Other EU country,other,False,False,fuel_energy_spending,public_response,energy-security adaptation,transition_avg_minus_pre_avg,end_2025_minus_pre_avg,-0.28333333333333344,-0.3333333333333335,0.9333333333333335,0.8500000000000001,0.65,0.6,-1.218488412724266,-1.0992512634752145
IT,Italy,Other EU country,other,False,False,renewables,structural_adaptation,sustainability acceleration,transition_avg_minus_pre_avg,end_2025_minus_pre_avg,1.4827499999999993,1.6739999999999995,17.711000000000002,19.6235,19.19375,19.385,-1.432851744682818,-1.4347575898050418
IT,Italy,Other EU country,other,False,False,emissions,structural_adaptation,decarbonization pathway,transition_min_minus_pre_avg,end_2025_minus_transition_trough,-0.9166666666666661,0.0,7.116666666666666,6.6,6.425,6.2,0.6320513971143125,-0.44610890810959686
IT,Italy,Other EU country,other,False,False,rnd,structural_adaptation,innovation persistence,transition_avg_minus_pre_avg,end_2025_minus_pre_avg,-0.0016666666666669272,0.0033333333333329662,1.376666666666667,1.455,1.375,1.38,-0.8675732552282827,-0.7968961932550214
IT,Italy,Other EU country,other,False,False,ict_specialists,structural_adaptation,digital transition,transition_avg_minus_pre_avg,end_2025_minus_pre_avg,0.5333333333333337,0.3833333333333333,3.4166666666666665,3.7,3.95,3.8,-1.3555996212854948,-1.5693809964513483
LT,Lithuania,Other EU country,other,False,False,gdp_growth,shock_exposure,macro recovery capacity,covid_min_minus_pre_avg,end_2025_minus_covid_trough,-3.9166666666666665,2.9,3.9166666666666665,3.2,2.275,2.9,1.2390703361376807,-1.1271868884057759
LT,Lithuania,Other EU country,other,False,False,unemployment,shock_exposure,labor market recovery,covid_max_minus_pre_avg,end_2025_minus_covid_peak,0.6166666666666671,-1.5999999999999996,7.883333333333333,7.8,6.725,6.9,1.1718779956777565,-0.1676386055490129
LT,Lithuania,Other EU country,other,False,False,inflation,shock_exposure,inflation stabilization,transition_max_minus_pre_avg,end_2025_minus_transition_peak,17.466666666666665,-15.499999999999998,1.4333333333333336,2.8499999999999996,7.974999999999999,3.4,2.1787633749625477,-2.440297813956479
LT,Lithuania,Other EU country,other,False,False,debt,shock_exposure,fiscal burden persistence,period_max_minus_pre_avg,end_2025_minus_peak,7.416666666666664,-6.399999999999999,38.483333333333334,44.599999999999994,38.225,39.5,-0.6415127283376628,0.4466916542838186
LT,Lithuania,Other EU country,other,False,False,health_spending,public_response,health-system mobilization,covid_avg_minus_pre_avg,transition_avg_minus_covid_avg,1.1333333333333329,-0.34999999999999964,4.716666666666667,5.85,5.5,5.8,-3.562143117022582e-16,0.2467212836971406
LT,Lithuania,Other EU country,other,False,False,social_protection_spending,public_response,social buffering response,covid_avg_minus_pre_avg,transition_avg_minus_covid_avg,2.3833333333333346,-0.7749999999999986,12.616666666666665,15.0,14.225000000000001,14.7,1.1217383178461082,0.06592792429362936
LT,Lithuania,Other EU country,other,False,False,defense_spending,public_response,security reprioritization,transition_avg_minus_pre_avg,end_2025_minus_pre_avg,0.8249999999999997,1.15,1.4500000000000002,1.9,2.275,2.6,1.3873698417675064,1.4681122616979507
LT,Lithuania,Other EU country,other,False,False,fuel_energy_spending,public_response,energy-security adaptation,transition_avg_minus_pre_avg,end_2025_minus_pre_avg,0.19166666666666676,-0.1833333333333333,0.3833333333333333,0.25,0.5750000000000001,0.2,-0.39019615690154247,-0.7611271406594204
LT,Lithuania,Other EU country,other,False,False,renewables,structural_adaptation,sustainability acceleration,transition_avg_minus_pre_avg,end_2025_minus_pre_avg,7.89233333333333,10.214833333333335,25.193166666666666,27.47,33.085499999999996,35.408,0.4549300448727081,0.8176570435482265
LT,Lithuania,Other EU country,other,False,False,emissions,structural_adaptation,decarbonization pathway,transition_min_minus_pre_avg,end_2025_minus_transition_trough,-0.6666666666666661,0.09999999999999964,6.866666666666666,6.95,6.325,6.3,0.7837886916201195,0.6488856845230473
LT,Lithuania,Other EU country,other,False,False,rnd,structural_adaptation,innovation persistence,transition_avg_minus_pre_avg,end_2025_minus_pre_avg,0.08999999999999986,0.08499999999999996,0.9550000000000001,1.11,1.045,1.04,-0.40695606394691014,-0.42395892276460917
LT,Lithuania,Other EU country,other,False,False,ict_specialists,structural_adaptation,digital transition,transition_avg_minus_pre_avg,end_2025_minus_pre_avg,2.608333333333334,3.233333333333334,2.4666666666666663,3.55,5.075,5.7,2.086128571275828,2.368571210405106
LU,Luxembourg,Other EU country,other,False,False,gdp_growth,shock_exposure,macro recovery capacity,covid_min_minus_pre_avg,end_2025_minus_covid_trough,-3.0833333333333335,1.1,2.5833333333333335,3.2,0.0,0.6,1.5522598051108822,-1.73790353028449
LU,Luxembourg,Other EU country,other,False,False,unemployment,shock_exposure,labor market recovery,covid_max_minus_pre_avg,end_2025_minus_covid_peak,0.8666666666666663,-0.2999999999999998,5.933333333333334,6.05,5.675000000000001,6.5,1.320658744345308,0.4650619379746815
LU,Luxembourg,Other EU country,other,False,False,inflation,shock_exposure,inflation stabilization,transition_max_minus_pre_avg,end_2025_minus_transition_peak,7.1,-5.699999999999999,1.1,1.75,3.9749999999999996,2.5,-0.7885671026241062,0.6850787667448007
LU,Luxembourg,Other EU country,other,False,False,debt,shock_exposure,fiscal burden persistence,period_max_minus_pre_avg,end_2025_minus_peak,5.233333333333331,0.0,21.26666666666667,24.35,25.599999999999998,26.5,-0.9601072972972685,0.7632967316433092
LU,Luxembourg,Other EU country,other,False,False,health_spending,public_response,health-system mobilization,covid_avg_minus_pre_avg,transition_avg_minus_covid_avg,0.583333333333333,-0.04999999999999982,5.016666666666667,5.6,5.55,5.8,-0.8823356527954803,0.9800946407418498
LU,Luxembourg,Other EU country,other,False,False,social_protection_spending,public_response,social buffering response,covid_avg_minus_pre_avg,transition_avg_minus_covid_avg,1.7333333333333343,0.4750000000000014,17.666666666666664,19.4,19.875,20.7,0.5955955790078223,1.2370160531936014
LU,Luxembourg,Other EU country,other,False,False,defense_spending,public_response,security reprioritization,transition_avg_minus_pre_avg,end_2025_minus_pre_avg,0.34166666666666673,0.6666666666666667,0.3333333333333333,0.55,0.675,1.0,0.06017303528741191,0.4606346973600935
LU,Luxembourg,Other EU country,other,False,False,fuel_energy_spending,public_response,energy-security adaptation,transition_avg_minus_pre_avg,end_2025_minus_pre_avg,0.22500000000000003,0.10000000000000002,0.09999999999999999,0.1,0.325,0.2,-0.3320703845631059,-0.12244824200736545
LU,Luxembourg,Other EU country,other,False,False,renewables,structural_adaptation,sustainability acceleration,transition_avg_minus_pre_avg,end_2025_minus_pre_avg,8.35316666666667,8.574666666666669,6.167333333333333,11.706,14.520500000000002,14.742,0.5906569290466953,0.38510728441407693
LU,Luxembourg,Other EU country,other,False,False,emissions,structural_adaptation,decarbonization pathway,transition_min_minus_pre_avg,end_2025_minus_transition_trough,-6.866666666666665,0.0,17.966666666666665,14.7,11.65,11.1,-2.979296212123895,-0.44610890810959686
LU,Luxembourg,Other EU country,other,False,False,rnd,structural_adaptation,innovation persistence,transition_avg_minus_pre_avg,end_2025_minus_pre_avg,-0.19416666666666638,-0.23166666666666647,1.2216666666666665,1.065,1.0275,0.99,-1.8348693569191608,-1.870042216502935
LU,Luxembourg,Other EU country,other,False,False,ict_specialists,structural_adaptation,digital transition,transition_avg_minus_pre_avg,end_2025_minus_pre_avg,2.7,3.3,5.3999999999999995,6.5,8.1,8.7,2.2381727886178937,2.4606870515011625
LV,Latvia,Other EU country,other,False,False,gdp_growth,shock_exposure,macro recovery capacity,covid_min_minus_pre_avg,end_2025_minus_covid_trough,-6.316666666666666,5.6,2.8166666666666664,1.7000000000000002,0.775,2.1,0.3370846654948607,-0.21111192558770397
LV,Latvia,Other EU country,other,False,False,unemployment,shock_exposure,labor market recovery,covid_max_minus_pre_avg,end_2025_minus_covid_peak,-0.7166666666666668,-1.1999999999999993,8.816666666666666,7.85,6.800000000000001,6.9,0.3783806694508115,0.027038484765970185
LV,Latvia,Other EU country,other,False,False,inflation,shock_exposure,inflation stabilization,transition_max_minus_pre_avg,end_2025_minus_transition_peak,15.666666666666666,-13.399999999999999,1.5333333333333332,1.6500000000000001,7.85,3.8,1.6635355749957335,-1.7705742609490618
LV,Latvia,Other EU country,other,False,False,debt,shock_exposure,fiscal burden persistence,period_max_minus_pre_avg,end_2025_minus_peak,6.966666666666669,0.0,39.93333333333333,44.95,45.475,46.9,-0.7071772578178862,0.7632967316433092
LV,Latvia,Other EU country,other,False,False,health_spending,public_response,health-system mobilization,covid_avg_minus_pre_avg,transition_avg_minus_covid_avg,1.7000000000000006,-0.20000000000000107,3.9499999999999997,5.65,5.449999999999999,5.4,0.9090730968195871,0.6134079622194919
LV,Latvia,Other EU country,other,False,False,social_protection_spending,public_response,social buffering response,covid_avg_minus_pre_avg,transition_avg_minus_covid_avg,1.6833333333333353,0.1750000000000007,12.066666666666665,13.75,13.925,14.1,0.5551230606356473,0.9559549022576075
LV,Latvia,Other EU country,other,False,False,defense_spending,public_response,security reprioritization,transition_avg_minus_pre_avg,end_2025_minus_pre_avg,0.9999999999999998,1.0999999999999999,1.6000000000000003,2.5,2.6,2.7,1.867906616527541,1.3638904446974827
LV,Latvia,Other EU country,other,False,False,fuel_energy_spending,public_response,energy-security adaptation,transition_avg_minus_pre_avg,end_2025_minus_pre_avg,0.016666666666666607,-0.4833333333333334,1.1833333333333333,0.65,1.2,0.7,-0.6953564616783354,-1.4373753862910081
LV,Latvia,Other EU country,other,False,False,renewables,structural_adaptation,sustainability acceleration,transition_avg_minus_pre_avg,end_2025_minus_pre_avg,5.649666666666661,6.658166666666659,38.87683333333334,42.122,44.5265,45.535,-0.20559109561378192,-0.12031794475812248
LV,Latvia,Other EU country,other,False,False,emissions,structural_adaptation,decarbonization pathway,transition_min_minus_pre_avg,end_2025_minus_transition_trough,-0.31666666666666643,0.0,5.516666666666667,5.55,5.25,5.2,0.9962209039282491,-0.44610890810959686
LV,Latvia,Other EU country,other,False,False,rnd,structural_adaptation,innovation persistence,transition_avg_minus_pre_avg,end_2025_minus_pre_avg,0.25916666666666655,0.31166666666666665,0.6083333333333334,0.765,0.8674999999999999,0.92,0.44309202541780357,0.6111322769638776
LV,Latvia,Other EU country,other,False,False,ict_specialists,structural_adaptation,digital transition,transition_avg_minus_pre_avg,end_2025_minus_pre_avg,1.833333333333334,1.7833333333333332,2.716666666666667,3.7,4.550000000000001,4.5,0.8006638246565388,0.36505166656585675
MT,Malta,Other EU country,other,False,False,gdp_growth,shock_exposure,macro recovery capacity,covid_min_minus_pre_avg,end_2025_minus_covid_trough,-11.100000000000001,7.5,7.6000000000000005,4.95,5.85,4.0,-1.460622886411316,0.433533418617606
MT,Malta,Other EU country,other,False,False,unemployment,shock_exposure,labor market recovery,covid_max_minus_pre_avg,end_2025_minus_covid_peak,0.2500000000000009,-1.8000000000000003,4.6499999999999995,4.35,3.3249999999999997,3.1,0.953666230965347,-0.2649771507065047
MT,Malta,Other EU country,other,False,False,inflation,shock_exposure,inflation stabilization,transition_max_minus_pre_avg,end_2025_minus_transition_peak,4.866666666666666,-3.6999999999999997,1.2333333333333334,0.75,4.125,2.4,-1.4278312248051541,1.3229107219899598
MT,Malta,Other EU country,other,False,False,debt,shock_exposure,fiscal burden persistence,period_max_minus_pre_avg,end_2025_minus_peak,11.533333333333339,-14.300000000000004,49.166666666666664,49.25,47.375,46.4,-0.040803884574130304,0.05588226191819697
MT,Malta,Other EU country,other,False,False,health_spending,public_response,health-system mobilization,covid_avg_minus_pre_avg,transition_avg_minus_covid_avg,1.1833333333333327,-1.2249999999999996,5.166666666666667,6.35,5.125,5.0,0.08021233207231575,-1.8922843410165957
MT,Malta,Other EU country,other,False,False,social_protection_spending,public_response,social buffering response,covid_avg_minus_pre_avg,transition_avg_minus_covid_avg,-0.38333333333333286,-0.8249999999999993,10.983333333333333,10.6,9.775,9.8,-1.117741032080954,0.019084399137629802
MT,Malta,Other EU country,other,False,False,defense_spending,public_response,security reprioritization,transition_avg_minus_pre_avg,end_2025_minus_pre_avg,-0.17500000000000004,-0.15000000000000002,0.65,0.5,0.475,0.5,-1.3585545854326904,-1.241654980314218
MT,Malta,Other EU country,other,False,False,fuel_energy_spending,public_response,energy-security adaptation,transition_avg_minus_pre_avg,end_2025_minus_pre_avg,1.475,1.4,0.5,0.85,1.975,1.9,1.8476460781282706,2.80796082239618
MT,Malta,Other EU country,other,False,False,renewables,structural_adaptation,sustainability acceleration,transition_avg_minus_pre_avg,end_2025_minus_pre_avg,9.401916666666667,10.637666666666668,6.572333333333333,11.6725,15.97425,17.21,0.8995399014390275,0.9291679407053587
MT,Malta,Other EU country,other,False,False,emissions,structural_adaptation,decarbonization pathway,transition_min_minus_pre_avg,end_2025_minus_transition_trough,-0.8833333333333329,0.0,4.683333333333333,4.0,3.9750000000000005,3.8,0.6522830363817533,-0.44610890810959686
MT,Malta,Other EU country,other,False,False,rnd,structural_adaptation,innovation persistence,transition_avg_minus_pre_avg,end_2025_minus_pre_avg,-0.03166666666666662,-0.05166666666666664,0.5916666666666667,0.6,0.56,0.54,-1.018320699647639,-1.0480580284832552
MT,Malta,Other EU country,other,False,False,ict_specialists,structural_adaptation,digital transition,transition_avg_minus_pre_avg,end_2025_minus_pre_avg,0.7833333333333332,0.6333333333333329,4.166666666666667,4.6,4.95,4.8,-0.9409335739889507,-1.223946592341134
NL,Netherlands,Other EU country,other,False,False,gdp_growth,shock_exposure,macro recovery capacity,covid_min_minus_pre_avg,end_2025_minus_covid_trough,-6.15,5.7,2.25,1.2,1.825,1.8,0.39972255928950073,-0.17718322326110852
NL,Netherlands,Other EU country,other,False,False,unemployment,shock_exposure,labor market recovery,covid_max_minus_pre_avg,end_2025_minus_covid_peak,-1.5166666666666666,-1.0000000000000004,6.416666666666667,4.550000000000001,3.6750000000000003,3.9,-0.09771772628535515,0.12437702992346109
NL,Netherlands,Other EU country,other,False,False,inflation,shock_exposure,inflation stabilization,transition_max_minus_pre_avg,end_2025_minus_transition_peak,10.566666666666666,-8.6,1.0333333333333334,1.95,5.475,3.0,0.2037234750897589,-0.2397775683606801
NL,Netherlands,Other EU country,other,False,False,debt,shock_exposure,fiscal burden persistence,period_max_minus_pre_avg,end_2025_minus_peak,9.333333333333336,-22.800000000000004,57.86666666666667,51.95,45.6,44.4,-0.3618304731441151,-0.3646088564498766
NL,Netherlands,Other EU country,other,False,False,health_spending,public_response,health-system mobilization,covid_avg_minus_pre_avg,transition_avg_minus_covid_avg,0.8333333333333321,-0.9749999999999988,7.366666666666667,8.2,7.2250000000000005,7.3,-0.4812739924338998,-1.281139876812669
NL,Netherlands,Other EU country,other,False,False,social_protection_spending,public_response,social buffering response,covid_avg_minus_pre_avg,transition_avg_minus_covid_avg,0.10000000000000142,-0.5250000000000021,16.75,16.85,16.325,16.6,-0.7265066878165872,0.3001455500736204
NL,Netherlands,Other EU country,other,False,False,defense_spending,public_response,security reprioritization,transition_avg_minus_pre_avg,end_2025_minus_pre_avg,0.3583333333333334,0.4833333333333334,1.1166666666666667,1.3,1.475,1.6,0.10593844240741519,0.07848803502504394
NL,Netherlands,Other EU country,other,False,False,fuel_energy_spending,public_response,energy-security adaptation,transition_avg_minus_pre_avg,end_2025_minus_pre_avg,0.42499999999999993,-0.10000000000000009,0.7000000000000001,0.75,1.125,0.6,0.016684249467514158,-0.5732804057617573
NL,Netherlands,Other EU country,other,False,False,renewables,structural_adaptation,sustainability acceleration,transition_avg_minus_pre_avg,end_2025_minus_pre_avg,11.682750000000002,13.553,6.627,13.558,18.30975,20.18,1.571302075009005,1.6980085449909545
NL,Netherlands,Other EU country,other,False,False,emissions,structural_adaptation,decarbonization pathway,transition_min_minus_pre_avg,end_2025_minus_transition_trough,-3.333333333333335,0.0,11.133333333333335,9.55,8.075,7.8,-0.8347424497751569,-0.44610890810959686
NL,Netherlands,Other EU country,other,False,False,rnd,structural_adaptation,innovation persistence,transition_avg_minus_pre_avg,end_2025_minus_pre_avg,0.13666666666666671,0.16166666666666663,2.1283333333333334,2.245,2.265,2.29,-0.17246003929457437,-0.07385454638585637
NL,Netherlands,Other EU country,other,False,False,ict_specialists,structural_adaptation,digital transition,transition_avg_minus_pre_avg,end_2025_minus_pre_avg,1.9250000000000007,2.0500000000000007,5.1499999999999995,6.300000000000001,7.075,7.2,0.9527080419986055,0.7335150309500874
PL,Poland,Other EU country,other,False,False,gdp_growth,shock_exposure,macro recovery capacity,covid_min_minus_pre_avg,end_2025_minus_covid_trough,-6.55,5.6,4.55,2.45,3.0749999999999997,3.6,0.24939161418236427,-0.21111192558770397
PL,Poland,Other EU country,other,False,False,unemployment,shock_exposure,labor market recovery,covid_max_minus_pre_avg,end_2025_minus_covid_peak,-2.4999999999999996,-0.2999999999999998,5.8999999999999995,3.3,2.925,3.1,-0.6829220043777265,0.4650619379746815
PL,Poland,Other EU country,other,False,False,inflation,shock_exposure,inflation stabilization,transition_max_minus_pre_avg,end_2025_minus_transition_peak,12.5,-9.899999999999999,0.7000000000000001,4.4,7.75,3.3,0.7571162972763377,-0.6543683392700332
PL,Poland,Other EU country,other,False,False,debt,shock_exposure,fiscal burden persistence,period_max_minus_pre_avg,end_2025_minus_peak,9.68333333333333,0.0,50.01666666666667,54.8,53.2,59.7,-0.31075806132616385,0.7632967316433092
PL,Poland,Other EU country,other,False,False,health_spending,public_response,health-system mobilization,covid_avg_minus_pre_avg,transition_avg_minus_covid_avg,0.8166666666666664,0.27500000000000036,4.683333333333334,5.5,5.775,6.1,-0.5080114364580037,1.7745824442069522
PL,Poland,Other EU country,other,False,False,social_protection_spending,public_response,social buffering response,covid_avg_minus_pre_avg,transition_avg_minus_covid_avg,1.3166666666666664,0.02499999999999858,16.183333333333334,17.5,17.525,18.3,0.2583245925730229,0.8154243267896089
PL,Poland,Other EU country,other,False,False,defense_spending,public_response,security reprioritization,transition_avg_minus_pre_avg,end_2025_minus_pre_avg,0.841666666666667,1.3166666666666667,1.5833333333333333,1.65,2.4250000000000003,2.9,1.4331352488875113,1.8155183183661778
PL,Poland,Other EU country,other,False,False,fuel_energy_spending,public_response,energy-security adaptation,transition_avg_minus_pre_avg,end_2025_minus_pre_avg,0.9416666666666667,0.7166666666666666,0.2833333333333334,0.30000000000000004,1.225,1.0,0.9176337207132832,1.267617596235342
PL,Poland,Other EU country,other,False,False,renewables,structural_adaptation,sustainability acceleration,transition_avg_minus_pre_avg,end_2025_minus_pre_avg,4.499749999999997,5.060999999999998,12.709000000000001,15.853,17.20875,17.77,-0.544270168799463,-0.5415276126559523
PL,Poland,Other EU country,other,False,False,emissions,structural_adaptation,decarbonization pathway,transition_min_minus_pre_avg,end_2025_minus_transition_trough,-1.0166666666666657,0.0,10.316666666666666,10.350000000000001,9.600000000000001,9.3,0.5713564793119899,-0.44610890810959686
PL,Poland,Other EU country,other,False,False,rnd,structural_adaptation,innovation persistence,transition_avg_minus_pre_avg,end_2025_minus_pre_avg,0.3816666666666666,0.33666666666666645,1.0733333333333335,1.395,1.455,1.41,1.0586440901301826,0.7252967475221657
PL,Poland,Other EU country,other,False,False,ict_specialists,structural_adaptation,digital transition,transition_avg_minus_pre_avg,end_2025_minus_pre_avg,1.4333333333333336,1.6833333333333336,2.8166666666666664,3.6,4.25,4.5,0.1371981489820665,0.22687790492177115
PT,Portugal,Other EU country,other,False,False,gdp_growth,shock_exposure,macro recovery capacity,covid_min_minus_pre_avg,end_2025_minus_covid_trough,-10.399999999999999,10.1,2.1999999999999997,-1.2999999999999998,3.5500000000000003,1.9,-1.1975437324738258,1.3156796791090826
PT,Portugal,Other EU country,other,False,False,unemployment,shock_exposure,labor market recovery,covid_max_minus_pre_avg,end_2025_minus_covid_peak,-3.25,-1.0999999999999996,10.35,6.9,6.3,6.0,-1.1292642503803831,0.07570775734471574
PT,Portugal,Other EU country,other,False,False,inflation,shock_exposure,inflation stabilization,transition_max_minus_pre_avg,end_2025_minus_transition_peak,7.433333333333333,-5.8999999999999995,0.6666666666666666,0.4,4.574999999999999,2.2,-0.6931545470746963,0.6212955712202848
PT,Portugal,Other EU country,other,False,False,debt,shock_exposure,fiscal burden persistence,period_max_minus_pre_avg,end_2025_minus_peak,7.783333333333317,-44.39999999999999,126.31666666666668,129.0,97.825,89.7,-0.5880082969093341,-1.4331509925381571
PT,Portugal,Other EU country,other,False,False,health_spending,public_response,health-system mobilization,covid_avg_minus_pre_avg,transition_avg_minus_covid_avg,1.1833333333333327,-0.6499999999999995,6.316666666666667,7.5,6.8500000000000005,6.8,0.08021233207231575,-0.48665207334756855
PT,Portugal,Other EU country,other,False,False,social_protection_spending,public_response,social buffering response,covid_avg_minus_pre_avg,transition_avg_minus_covid_avg,0.7166666666666686,-1.5250000000000021,17.833333333333332,18.55,17.025,17.1,-0.2273456278930851,-0.6367249530463572
PT,Portugal,Other EU country,other,False,False,defense_spending,public_response,security reprioritization,transition_avg_minus_pre_avg,end_2025_minus_pre_avg,-0.08333333333333326,-0.033333333333333215,0.9333333333333332,0.8,0.85,0.9,-1.106844846272672,-0.9984707406464591
PT,Portugal,Other EU country,other,False,False,fuel_energy_spending,public_response,energy-security adaptation,transition_avg_minus_pre_avg,end_2025_minus_pre_avg,0.17499999999999996,0.15,0.05000000000000001,0.1,0.22499999999999998,0.2,-0.41925904307076106,-0.00974020106876759
PT,Portugal,Other EU country,other,False,False,renewables,structural_adaptation,sustainability acceleration,transition_avg_minus_pre_avg,end_2025_minus_pre_avg,5.229583333333341,5.931833333333341,30.387166666666662,33.982,35.61675,36.319,-0.32931609075321,-0.31186878819949904
PT,Portugal,Other EU country,other,False,False,emissions,structural_adaptation,decarbonization pathway,transition_min_minus_pre_avg,end_2025_minus_transition_trough,-1.583333333333334,0.0,6.383333333333334,5.45,5.0,4.8,0.22741861176549297,-0.44610890810959686
PT,Portugal,Other EU country,other,False,False,rnd,structural_adaptation,innovation persistence,transition_avg_minus_pre_avg,end_2025_minus_pre_avg,0.3941666666666668,0.41666666666666674,1.3133333333333332,1.6400000000000001,1.7075,1.73,1.121455525304916,1.0906230533086916
PT,Portugal,Other EU country,other,False,False,ict_specialists,structural_adaptation,digital transition,transition_avg_minus_pre_avg,end_2025_minus_pre_avg,1.8416666666666672,2.316666666666667,3.0833333333333335,4.25,4.925000000000001,5.4,0.8144860262330903,1.1019783953343163
RO,Romania,Other EU country,other,False,False,gdp_growth,shock_exposure,macro recovery capacity,covid_min_minus_pre_avg,end_2025_minus_covid_trough,-8.233333333333333,4.3,4.633333333333333,0.9999999999999998,2.025,0.7,-0.38325111314350235,-0.6521850558334422
RO,Romania,Other EU country,other,False,False,unemployment,shock_exposure,labor market recovery,covid_max_minus_pre_avg,end_2025_minus_covid_peak,-0.6499999999999995,0.0,6.749999999999999,5.85,5.675000000000001,6.1,0.41805553576215915,0.6110697557109186
RO,Romania,Other EU country,other,False,False,inflation,shock_exposure,inflation stabilization,transition_max_minus_pre_avg,end_2025_minus_transition_peak,10.5,-5.2,1.5,3.1999999999999997,8.575,6.8,0.18464096397987698,0.8445367555560903
RO,Romania,Other EU country,other,False,False,debt,shock_exposure,fiscal burden persistence,period_max_minus_pre_avg,end_2025_minus_peak,22.68333333333333,0.0,36.61666666666667,47.75,52.875,59.3,1.5862172347691983,0.7632967316433092
RO,Romania,Other EU country,other,False,False,health_spending,public_response,health-system mobilization,covid_avg_minus_pre_avg,transition_avg_minus_covid_avg,1.1166666666666671,-0.4500000000000002,4.383333333333333,5.5,5.05,5.2,-0.026737444024104298,0.00226349801556945
RO,Romania,Other EU country,other,False,False,social_protection_spending,public_response,social buffering response,covid_avg_minus_pre_avg,transition_avg_minus_covid_avg,1.9499999999999993,-0.1750000000000007,11.600000000000001,13.55,13.375,13.6,0.7709764919539162,0.628050226165614
RO,Romania,Other EU country,other,False,False,defense_spending,public_response,security reprioritization,transition_avg_minus_pre_avg,end_2025_minus_pre_avg,0.34999999999999964,0.5,1.1,1.65,1.4499999999999997,1.6,0.08305573884741241,0.11322864069186649
RO,Romania,Other EU country,other,False,False,fuel_energy_spending,public_response,energy-security adaptation,transition_avg_minus_pre_avg,end_2025_minus_pre_avg,1.0333333333333337,0.48333333333333345,0.4166666666666666,0.6,1.4500000000000002,0.9,1.0774795946439848,0.7416467385218855
RO,Romania,Other EU country,other,False,False,renewables,structural_adaptation,sustainability acceleration,transition_avg_minus_pre_avg,end_2025_minus_pre_avg,0.6389166666666704,0.8311666666666717,24.54683333333333,24.174500000000002,25.18575,25.378,-1.681381659537387,-1.6570321688052838
RO,Romania,Other EU country,other,False,False,emissions,structural_adaptation,decarbonization pathway,transition_min_minus_pre_avg,end_2025_minus_transition_trough,-0.43333333333333357,0.0,5.433333333333334,5.35,5.075,5.0,0.9254101664922055,-0.44610890810959686
RO,Romania,Other EU country,other,False,False,rnd,structural_adaptation,innovation persistence,transition_avg_minus_pre_avg,end_2025_minus_pre_avg,-5.551115123125783e-17,-0.015000000000000013,0.47500000000000003,0.47,0.475,0.46,-0.8591983972049839,-0.880616804997765
RO,Romania,Other EU country,other,False,False,ict_specialists,structural_adaptation,digital transition,transition_avg_minus_pre_avg,end_2025_minus_pre_avg,0.7083333333333326,0.6833333333333331,2.016666666666667,2.5,2.7249999999999996,2.7,-1.0653333881779152,-1.1548597115190904
SE,Sweden,Other EU country,other,False,False,gdp_growth,shock_exposure,macro recovery capacity,covid_min_minus_pre_avg,end_2025_minus_covid_trough,-4.416666666666667,3.4,2.516666666666667,1.6500000000000001,0.9,1.5,1.0511566547537596,-0.9575433767727994
SE,Sweden,Other EU country,other,False,False,unemployment,shock_exposure,labor market recovery,covid_max_minus_pre_avg,end_2025_minus_covid_peak,1.7666666666666666,-0.09999999999999964,7.133333333333334,8.7,8.100000000000001,8.8,1.8562694395484958,0.5624004831321731
SE,Sweden,Other EU country,other,False,False,inflation,shock_exposure,inflation stabilization,transition_max_minus_pre_avg,end_2025_minus_transition_peak,6.833333333333333,-5.5,1.2666666666666668,1.7000000000000002,4.65,2.6,-0.8648971470636343,0.7488619622693165
SE,Sweden,Other EU country,other,False,False,debt,shock_exposure,fiscal burden persistence,period_max_minus_pre_avg,end_2025_minus_peak,4.066666666666663,-11.0,42.03333333333334,38.85,33.975,35.1,-1.1303486700237755,0.21913175493168457
SE,Sweden,Other EU country,other,False,False,health_spending,public_response,health-system mobilization,covid_avg_minus_pre_avg,transition_avg_minus_covid_avg,0.38333333333333286,-0.15000000000000036,7.116666666666667,7.5,7.35,7.4,-1.2031849810847461,0.7356368550602786
SE,Sweden,Other EU country,other,False,False,social_protection_spending,public_response,social buffering response,covid_avg_minus_pre_avg,transition_avg_minus_covid_avg,-0.8166666666666664,-0.875,20.716666666666665,19.9,19.025,19.1,-1.4685028579731445,-0.02775912601836975
SE,Sweden,Other EU country,other,False,False,defense_spending,public_response,security reprioritization,transition_avg_minus_pre_avg,end_2025_minus_pre_avg,0.6583333333333332,0.7833333333333332,1.2166666666666668,1.35,1.875,2.0,0.9297157705674739,0.7038189370278518
SE,Sweden,Other EU country,other,False,False,fuel_energy_spending,public_response,energy-security adaptation,transition_avg_minus_pre_avg,end_2025_minus_pre_avg,0.058333333333333334,-0.01666666666666665,0.11666666666666665,0.1,0.175,0.1,-0.6226992462552895,-0.3854336708640939
SE,Sweden,Other EU country,other,False,False,renewables,structural_adaptation,sustainability acceleration,transition_avg_minus_pre_avg,end_2025_minus_pre_avg,11.416500000000006,9.6695,53.1765,61.325500000000005,64.593,62.846,1.4928848245685211,0.6738400725201863
SE,Sweden,Other EU country,other,False,False,emissions,structural_adaptation,decarbonization pathway,transition_min_minus_pre_avg,end_2025_minus_transition_trough,-1.0499999999999998,0.2999999999999998,5.25,4.5,4.375,4.5,0.5511248400445484,2.8388748697883455
SE,Sweden,Other EU country,other,False,False,rnd,structural_adaptation,innovation persistence,transition_avg_minus_pre_avg,end_2025_minus_pre_avg,0.2666666666666666,0.26166666666666627,3.298333333333334,3.48,3.5650000000000004,3.56,0.4807788865226434,0.3828033358472979
SE,Sweden,Other EU country,other,False,False,ict_specialists,structural_adaptation,digital transition,transition_avg_minus_pre_avg,end_2025_minus_pre_avg,2.2666666666666666,2.4666666666666677,6.433333333333333,7.75,8.7,8.9,1.5194183066372156,1.3092390378004466
SI,Slovenia,Other EU country,other,False,False,gdp_growth,shock_exposure,macro recovery capacity,covid_min_minus_pre_avg,end_2025_minus_covid_trough,-7.649999999999999,5.199999999999999,3.5499999999999994,2.1500000000000004,1.975,1.1,-0.16401848486226112,-0.3468267348940851
SI,Slovenia,Other EU country,other,False,False,unemployment,shock_exposure,labor market recovery,covid_max_minus_pre_avg,end_2025_minus_covid_peak,-2.133333333333333,-1.1,7.133333333333333,4.9,3.825,3.9,-0.46471023966531677,0.07570775734471552
SI,Slovenia,Other EU country,other,False,False,inflation,shock_exposure,inflation stabilization,transition_max_minus_pre_avg,end_2025_minus_transition_peak,8.533333333333335,-6.800000000000001,0.7666666666666666,0.85,5.25,2.5,-0.3782931137616422,0.3342711913599628
SI,Slovenia,Other EU country,other,False,False,debt,shock_exposure,fiscal burden persistence,period_max_minus_pre_avg,end_2025_minus_peak,7.433333333333337,-17.700000000000003,75.96666666666667,77.5,68.3,65.7,-0.6390807087272832,-0.11231418542903239
SI,Slovenia,Other EU country,other,False,False,health_spending,public_response,health-system mobilization,covid_avg_minus_pre_avg,transition_avg_minus_covid_avg,1.4999999999999991,-0.40000000000000036,6.650000000000001,8.15,7.75,8.0,0.5882237685303191,0.12449239085635395
SI,Slovenia,Other EU country,other,False,False,social_protection_spending,public_response,social buffering response,covid_avg_minus_pre_avg,transition_avg_minus_covid_avg,0.7833333333333314,-1.1999999999999957,17.616666666666667,18.4,17.200000000000003,17.1,-0.17338227006352044,-0.3322420395323585
SI,Slovenia,Other EU country,other,False,False,defense_spending,public_response,security reprioritization,transition_avg_minus_pre_avg,end_2025_minus_pre_avg,0.3916666666666667,0.4666666666666667,0.9333333333333332,1.15,1.325,1.4,0.19746925664742176,0.043747429358221145
SI,Slovenia,Other EU country,other,False,False,fuel_energy_spending,public_response,energy-security adaptation,transition_avg_minus_pre_avg,end_2025_minus_pre_avg,-0.008333333333333415,-0.18333333333333335,0.5833333333333334,0.45,0.575,0.4,-0.738950790932163,-0.7611271406594204
SI,Slovenia,Other EU country,other,False,False,renewables,structural_adaptation,sustainability acceleration,transition_avg_minus_pre_avg,end_2025_minus_pre_avg,2.964666666666666,2.9481666666666655,22.052833333333336,25.0,25.017500000000002,25.001,-0.9963904099150102,-1.0987304677056033
SI,Slovenia,Other EU country,other,False,False,emissions,structural_adaptation,decarbonization pathway,transition_min_minus_pre_avg,end_2025_minus_transition_trough,-1.416666666666666,0.2999999999999998,8.416666666666666,7.65,7.25,7.3,0.3285768081026984,2.8388748697883455
SI,Slovenia,Other EU country,other,False,False,rnd,structural_adaptation,innovation persistence,transition_avg_minus_pre_avg,end_2025_minus_pre_avg,0.047499999999999876,0.06999999999999984,2.0900000000000003,2.1500000000000004,2.1375,2.16,-0.6205149435410007,-0.49245760509958314
SI,Slovenia,Other EU country,other,False,False,ict_specialists,structural_adaptation,digital transition,transition_avg_minus_pre_avg,end_2025_minus_pre_avg,0.558333333333334,0.7833333333333337,3.7166666666666663,4.6,4.275,4.5,-1.3141330165558398,-1.0166859498750036
SK,Slovakia,Other EU country,other,False,False,gdp_growth,shock_exposure,macro recovery capacity,covid_min_minus_pre_avg,end_2025_minus_covid_trough,-5.783333333333333,3.4000000000000004,3.1833333333333336,1.55,1.325,0.8,0.5375259256377095,-0.9575433767727993
SK,Slovakia,Other EU country,other,False,False,unemployment,shock_exposure,labor market recovery,covid_max_minus_pre_avg,end_2025_minus_covid_peak,-2.283333333333334,-1.3999999999999995,9.083333333333334,6.75,5.65,5.4,-0.5539786888658488,-0.07030006039152135
SK,Slovakia,Other EU country,other,False,False,inflation,shock_exposure,inflation stabilization,transition_max_minus_pre_avg,end_2025_minus_transition_peak,11.133333333333333,-7.8999999999999995,0.9666666666666667,2.4,7.625,4.2,0.36592481952375605,-0.016536384024874343
SK,Slovakia,Other EU country,other,False,False,debt,shock_exposure,fiscal burden persistence,period_max_minus_pre_avg,end_2025_minus_peak,10.43333333333333,0.0,50.96666666666667,59.3,58.675000000000004,61.4,-0.20131717885912373,0.7632967316433092
SK,Slovakia,Other EU country,other,False,False,health_spending,public_response,health-system mobilization,covid_avg_minus_pre_avg,transition_avg_minus_covid_avg,0.8333333333333339,0.3749999999999991,5.616666666666666,6.45,6.824999999999999,6.9,-0.48127399243389696,2.0190402298885193
SK,Slovakia,Other EU country,other,False,False,social_protection_spending,public_response,social buffering response,covid_avg_minus_pre_avg,transition_avg_minus_covid_avg,1.299999999999999,1.625,14.550000000000002,15.850000000000001,17.475,18.4,0.2448337531156303,2.3144171317815743
SK,Slovakia,Other EU country,other,False,False,defense_spending,public_response,security reprioritization,transition_avg_minus_pre_avg,end_2025_minus_pre_avg,-0.02499999999999991,0.1499999999999999,1.25,1.2999999999999998,1.225,1.4,-0.9466659213526605,-0.61632407831141
SK,Slovakia,Other EU country,other,False,False,fuel_energy_spending,public_response,energy-security adaptation,transition_avg_minus_pre_avg,end_2025_minus_pre_avg,0.5916666666666668,0.31666666666666665,0.8833333333333333,0.85,1.475,1.2,0.307313111159698,0.3659532687265588
SK,Slovakia,Other EU country,other,False,False,renewables,structural_adaptation,sustainability acceleration,transition_avg_minus_pre_avg,end_2025_minus_pre_avg,4.851083333333333,5.278833333333333,12.813166666666666,17.381999999999998,17.66425,18.092,-0.4407937594545216,-0.48407994116033826
SK,Slovakia,Other EU country,other,False,False,emissions,structural_adaptation,decarbonization pathway,transition_min_minus_pre_avg,end_2025_minus_transition_trough,-1.416666666666666,0.0,7.716666666666666,7.25,6.55,6.3,0.3285768081026984,-0.44610890810959686
SK,Slovakia,Other EU country,other,False,False,rnd,structural_adaptation,innovation persistence,transition_avg_minus_pre_avg,end_2025_minus_pre_avg,0.10499999999999998,0.08999999999999997,0.89,0.895,0.995,0.98,-0.33158234173723045,-0.4011260286529514
SK,Slovakia,Other EU country,other,False,False,ict_specialists,structural_adaptation,digital transition,transition_avg_minus_pre_avg,end_2025_minus_pre_avg,1.3416666666666668,1.3666666666666671,3.033333333333333,4.25,4.375,4.4,-0.014846068360000152,-0.21067234028450116
